<?xml version="1.0" encoding="UTF-8" standalone="no"?>
<?xml-stylesheet type="text/xsl" href="configuration.xsl"?><!--
   Licensed to the Apache Software Foundation (ASF) under one or more
   contributor license agreements.  See the NOTICE file distributed with
   this work for additional information regarding copyright ownership.
   The ASF licenses this file to You under the Apache License, Version 2.0
   (the "License"); you may not use this file except in compliance with
   the License.  You may obtain a copy of the License at

       http://www.apache.org/licenses/LICENSE-2.0

   Unless required by applicable law or agreed to in writing, software
   distributed under the License is distributed on an "AS IS" BASIS,
   WITHOUT WARRANTIES OR CONDITIONS OF ANY KIND, either express or implied.
   See the License for the specific language governing permissions and
   limitations under the License.
--><configuration>
  <!-- WARNING!!! This file is auto generated for documentation purposes ONLY! -->
  <!-- WARNING!!! Any changes you make to this file will be ignored by Hive.   -->
  <!-- WARNING!!! You must make your changes in hive-site.xml instead.         -->
  <!-- Hive Execution Parameters -->
  <property>
      <name>javax.jdo.option.ConnectionURL</name>
      <value>jdbc:mysql://localhost:3306/hive_db?createDatabaseIfNotExist=true</value>
      <description>metadata is stored in a MySQL server</description>
   </property>
   <property>
      <name>javax.jdo.option.ConnectionDriverName</name>
      <value>com.mysql.jdbc.Driver</value>
      <description>MySQL JDBC driver class</description>
   </property>
   <property>
      <name>javax.jdo.option.ConnectionUserName</name>
      <value>root</value>
      <description>user name for connecting to mysql server</description>
   </property>
   <property>
      <name>javax.jdo.option.ConnectionPassword</name>
      <value>root</value>
      <description>password for connecting to mysql server</description>
   </property>



<!--
<property>
<name>hive.aux.jars.path</name>
<value>hdfs://localhost:9000/hive-serde/csv-serde-1.1.2-0.11.0-all.jar</value>
</property> -->

</configuration>


